{
  "version": "1.0",
  "defaultProvider": "cdnjs",
  "libraries": [
    {
      "library": "noty@3.1.4",
      "destination": "wwwroot/lib/noty"
    },
    {
      "library": "store.js@1.3.20",
      "destination": "wwwroot/lib/store"
    },
    {
      "library": "bootstrap-table@1.13.1",
      "destination": "wwwroot/lib/bootstrap-table"
    },
    {
      "library": "bootstrap-material-design@4.0.2",
      "destination": "wwwroot/lib/mdb/"
    },
    {
      "library": "tinymce@5.0.0",
      "destination": "wwwroot/lib/tinymce/"
    },
    {
      "library": "bootstrap-select@1.13.5",
      "destination": "wwwroot/lib/bootstrap-select/"
    },
    {
      "library": "signature_pad@1.5.3",
      "destination": "wwwroot/lib/signature-pad/"
    }
  ]
}